파일명,판정,Peak(Hz),Centroid(Hz),Rolloff(Hz),CrestFactor,Flatness,THD,RMS,Skewness,실패사유
AudioData_20260202_204518_CH1.wav,Pass,119.9,598.7,127.0,2.7505,0.315988,2.01383,0.363576,0.0375,
AudioData_20260202_204532_CH1.wav,Pass,119.9,623.5,141.8,2.6675,0.333157,2.07296,0.374883,0.0383,
AudioData_20260202_204544_CH1.wav,Pass,119.9,627.3,133.2,2.7134,0.353478,2.37075,0.368545,0.0285,
AudioData_20260202_204553_CH1.wav,Pass,119.9,621.5,121.1,2.7450,0.344168,2.37553,0.364296,0.0431,
AudioData_20260202_204602_CH1.wav,Pass,119.9,632.6,127.3,2.7275,0.335649,2.11084,0.366632,0.0187,
AudioData_20260202_204610_CH1.wav,Pass,119.9,604.6,120.7,2.6763,0.333553,1.88674,0.373649,0.0624,
