{
  "Barcode": "13032026020900144_002",
  "Channel": "CH2",
  "FilePath": "C:\\DongboInspection\\Result\\20260209\\13032026020900144_002\\13032026020900144_002_ch2.wav",
  "FileName": "13032026020900144_002_ch2.wav",
  "AnalysisTime": "2026-02-09 22:22:39",
  "SampleRate": 6400,
  "TotalSamples": 19200,
  "PeakFrequency": 650,
  "SpectralCentroid": 1485.6743196683349,
  "SpectralRolloff": 2631.25,
  "SpectralFlatness": 0.6997066429551965,
  "THD": 0.36211976756672065,
  "CrestFactor": 1.1292436395942886,
  "RMS": 0.8855214653067615,
  "Skewness": -0.08854026497413714
}