{
  "Barcode": "26592026020900981_003",
  "Channel": "CH2",
  "FilePath": "C:\\DongboInspection\\Result\\20260209\\26592026020900981_003\\26592026020900981_003_ch2.wav",
  "FileName": "26592026020900981_003_ch2.wav",
  "AnalysisTime": "2026-02-09 22:24:26",
  "SampleRate": 6400,
  "TotalSamples": 19200,
  "PeakFrequency": 850,
  "SpectralCentroid": 1468.8053499808916,
  "SpectralRolloff": 2562.5,
  "SpectralFlatness": 0.5552028058808289,
  "THD": 0.26550491156522465,
  "CrestFactor": 1.1374913607738641,
  "RMS": 0.879100727184047,
  "Skewness": -0.19865616215252252
}