{
  "Barcode": "16622026020900337_001",
  "Channel": "CH1",
  "FilePath": "C:\\DongboInspection\\Result\\20260209\\16622026020900337_001\\16622026020900337_001_ch1.wav",
  "FileName": "16622026020900337_001_ch1.wav",
  "AnalysisTime": "2026-02-09 22:48:10",
  "SampleRate": 6400,
  "TotalSamples": 19200,
  "PeakFrequency": 850,
  "SpectralCentroid": 1457.4997788312762,
  "SpectralRolloff": 2557.8125,
  "SpectralFlatness": 0.5666563382663042,
  "THD": 0.2724430137434695,
  "CrestFactor": 1.1367726279017,
  "RMS": 0.8796565450979043,
  "Skewness": -0.2015962597056446
}