{
  "Barcode": "16622026020900337_001",
  "Channel": "CH2",
  "FilePath": "C:\\DongboInspection\\Result\\20260209\\16622026020900337_001\\16622026020900337_001_ch2.wav",
  "FileName": "16622026020900337_001_ch2.wav",
  "AnalysisTime": "2026-02-09 22:48:10",
  "SampleRate": 6400,
  "TotalSamples": 19200,
  "PeakFrequency": 850,
  "SpectralCentroid": 1446.470736931631,
  "SpectralRolloff": 2551.5625,
  "SpectralFlatness": 0.5536138683527856,
  "THD": 0.2704943640020052,
  "CrestFactor": 1.1377490140855004,
  "RMS": 0.8789016470610878,
  "Skewness": -0.20344956317439883
}