{
  "Barcode": "13032026020900144_004",
  "Channel": "CH2",
  "FilePath": "C:\\DongboInspection\\Result\\20260209\\13032026020900144_004\\13032026020900144_004_ch2.wav",
  "FileName": "13032026020900144_004_ch2.wav",
  "AnalysisTime": "2026-02-09 22:23:18",
  "SampleRate": 6400,
  "TotalSamples": 19200,
  "PeakFrequency": 650,
  "SpectralCentroid": 1503.939689939559,
  "SpectralRolloff": 2664.0625,
  "SpectralFlatness": 0.6985873504208915,
  "THD": 0.3751566271130504,
  "CrestFactor": 1.1330333572284514,
  "RMS": 0.8825596140151882,
  "Skewness": -0.08275074333467679
}