{
  "Barcode": "13032026020900144_004",
  "Channel": "CH1",
  "FilePath": "C:\\DongboInspection\\Result\\20260209\\13032026020900144_004\\13032026020900144_004_ch1.wav",
  "FileName": "13032026020900144_004_ch1.wav",
  "AnalysisTime": "2026-02-09 22:23:18",
  "SampleRate": 6400,
  "TotalSamples": 19200,
  "PeakFrequency": 650,
  "SpectralCentroid": 1476.4708019045127,
  "SpectralRolloff": 2620.3125,
  "SpectralFlatness": 0.6993250663399629,
  "THD": 0.38486670301381437,
  "CrestFactor": 1.129607747731965,
  "RMS": 0.8852360338618616,
  "Skewness": -0.08211887931555244
}